count,mean,std,min,25%,50%,75%,max
1879.0,80.38903672166046,15.005050874089283,27.0,73.0,83.0,92.0,100.0
