count,mean,std,min,25%,50%,75%,max
76.0,66.35526315789474,14.202069283376439,27.0,63.25,71.0,75.0,88.0
